{
  "project_info": {
    "project_number": "369956897840",
    "firebase_url": "https://finalyearproject-99650-default-rtdb.europe-west1.firebasedatabase.app",
    "project_id": "finalyearproject-99650",
    "storage_bucket": "finalyearproject-99650.appspot.com"
  },
  "client": [
    {
      "client_info": {
        "mobilesdk_app_id": "1:369956897840:android:fff3cda5589db93c67d9f5",
        "android_client_info": {
          "package_name": "com.oc.finalyearproject"
        }
      },
      "oauth_client": [],
      "api_key": [
        {
          "current_key": "AIzaSyCBy6l4PnCIOuGqcKbOpYzxtpvpPdIhEQU"
        }
      ],
      "services": {
        "appinvite_service": {
          "other_platform_oauth_client": []
        }
      }
    },
    {
      "client_info": {
        "mobilesdk_app_id": "1:369956897840:android:4fc7409cc2a230b167d9f5",
        "android_client_info": {
          "package_name": "com.oc.professionalfinder"
        }
      },
      "oauth_client": [],
      "api_key": [
        {
          "current_key": "AIzaSyCBy6l4PnCIOuGqcKbOpYzxtpvpPdIhEQU"
        }
      ],
      "services": {
        "appinvite_service": {
          "other_platform_oauth_client": []
        }
      }
    }
  ],
  "configuration_version": "1"
}